ro_gr1,h_gr1,m_gs1,m_gs2,rbar_ag1,rinit_ag1,rho_gr1,vartheta_gr1,bo,bmsy,msy1,fmsy1,q1,q2,SSB1,f
144957,0.761516,0.199888,0.199888,72518.8,148.421,0.592143,0.735, 16954.8, 5807.11, 1139.5, 0.34334,0.126237,6.81585e-005,8283.41,286.411
144957,0.761516,0.199888,0.199888,72518.8,148.421,0.592143,0.735, 16954.8, 5807.11, 1139.5, 0.34334,0.126237,6.81585e-005,8283.41,286.411
144957,0.761516,0.199888,0.199888,72518.8,148.421,0.592143,0.735, 16954.8, 5807.11, 1139.5, 0.34334,0.126237,6.81585e-005,8283.41,286.411
150701,0.715298,0.199888,0.199888,67683.9,3305.79,0.555712,0.735, 17626.7, 6265.83, 1134.32, 0.308396,0.104954,7.13221e-005,8929.47,305.049
200475,0.627367,0.199888,0.199888,81561,2.37196,0.601063,0.735, 23448.5, 8943.59, 1371.22, 0.248952,0.0831702,4.701e-005,13177.7,327.452
172288,0.740352,0.199888,0.199888,73555.3,656.627,0.538816,0.735, 20151.6, 7020.97, 1328.35, 0.326958,0.106919,5.12416e-005,12338.2,340.384
154274,0.744776,0.199888,0.199888,78580.7,44863.9,0.54134,0.735, 18044.5, 6264.52, 1194.36, 0.330326,0.110079,4.29433e-005,14048.2,346.743
156946,0.768815,0.199888,0.199888,65264.2,2.18446,0.505807,0.735, 18357.1, 6250.24, 1241.8, 0.349154,0.131533,7.14782e-005,8883.47,352.867
125679,0.795512,0.199888,0.199888,68009.8,361.701,0.499402,0.735, 14699.9, 4896.7, 1017.64, 0.371211,0.151576,5.6887e-005,13322,361.537
111544,0.888818,0.199888,0.199888,61609.2,4.86867,0.507642,0.735, 13046.7, 4009.26, 972.001, 0.460968,0.157455,6.7394e-005,9803.36,358.78
99589.1,0.938308,0.199888,0.199888,57562.1,1065.31,0.543651,0.735, 11648.4, 3414.63, 899.095, 0.520153,0.199449,8.01625e-005,7727.24,352.646
113109,0.970601,0.199888,0.199888,61495.2,2.78737,0.490068,0.735, 13229.7, 3750.73, 1044.01, 0.565351,0.214945,7.60282e-005,8938.11,358.186
101783,0.884447,0.199888,0.199888,61072.4,3.09711e+006,0.511097,0.735, 11905, 3672.99, 884.079, 0.456206,0.16378,7.77167e-005,7543.65,357.088
117850,0.834222,0.199888,0.199888,65043.5,4691.42,0.49889,0.735, 13784.3, 4444.83, 984.991, 0.405736,0.1262,6.38227e-005,7969.95,380.953
124387,0.906452,0.199888,0.199888,62322.7,1.11402,0.417387,0.735, 14548.9, 4398.39, 1097.92, 0.480884,0.132208,6.8701e-005,8914.11,384.671
134281,0.914238,0.199888,0.199888,65140,176.492,0.423505,0.735, 15706.1, 4713.41, 1191.9, 0.490066,0.156667,5.85112e-005,10961.6,377.147
158208,0.850702,0.199888,0.199888,62508.8,66671,0.441037,0.735, 18504.7, 5882.82, 1339.51, 0.421507,0.140347,6.86454e-005,9295.17,385.694
143588,0.849422,0.199888,0.199888,58963.2,641.083,0.493139,0.735, 16794.7, 5345.13, 1214.52, 0.420256,0.176973,9.16286e-005,6697.54,384.616
134060,0.824333,0.199888,0.199888,51098.9,29.4811,0.467756,0.735, 15680.3, 5098.91, 1111.64, 0.396598,0.207974,0.000106201,5585.24,370.765
103435,0.887249,0.199888,0.199888,57669.1,83.5516,0.457969,0.735, 12098.3, 3723.12, 900.297, 0.459251,0.19108,8.15231e-005,8606.61,380.37
110142,0.761529,0.199888,0.199888,52157.9,17.6581,0.482995,0.735, 12882.7, 4412.35, 865.833, 0.343351,0.165311,0.000104509,5499.45,375.532
110589,0.694988,0.199888,0.199888,67526.5,34.5925,0.590839,0.735, 12935, 4673.24, 815.575, 0.293939,0.137442,6.72813e-005,8733.4,382.131
155473,0.467273,0.199888,0.199888,66291.2,169774,0.579136,0.735, 18184.8, 7973.49, 828.129, 0.155297,0.0722994,6.88636e-005,6127.79,382.696
156889,0.643805,0.199888,0.199888,81092.5,36.9262,0.530089,0.735, 18350.5, 6906.92, 1094.19, 0.259494,0.0656719,3.80765e-005,12366.5,386.931
120224,0.902436,0.199888,0.199888,65491.9,11883.8,0.545497,0.735, 14062, 4267.22, 1058.11, 0.476244,0.1318,6.34599e-005,8077.71,383.254
133746,0.926304,0.199888,0.199888,73298.3,81.1484,0.55365,0.735, 15643.5, 4640.37, 1197.35, 0.50481,0.112155,5.53498e-005,9161.29,378.273
142681,0.949102,0.199888,0.199888,78072.5,126.957,0.519931,0.735, 16688.7, 4839.14, 1297.8, 0.534583,0.0845488,4.89785e-005,10327.9,391.759
115761,0.934013,0.199888,0.199888,74726.8,46862.8,0.545613,0.735, 13539.9, 3986.08, 1041.97, 0.514582,0.0757651,5.04224e-005,9522.31,395.8
105238,0.913621,0.199888,0.199888,73298.2,988.724,0.494688,0.735, 12309.1, 3696.12, 933.693, 0.489329,0.0653017,4.55177e-005,9514.67,395.869
109646,0.856518,0.199888,0.199888,71547.9,4.28027,0.468126,0.735, 12824.6, 4056.44, 932.521, 0.427245,0.0545439,3.94248e-005,10047.6,398.554
104451,0.812141,0.199888,0.199888,76862.8,9.72598,0.481615,0.735, 12217.1, 4013.73, 857.567, 0.385643,0.0478872,3.6012e-005,11477.2,395.989
114318,0.863524,0.199888,0.199888,70397.1,1.34848,0.411635,0.735, 13371.1, 4203.33, 977.485, 0.434286,0.0563787,4.30918e-005,9486.17,381.559
100942,0.767479,0.199888,0.199888,59198.3,1.11474,0.421364,0.735, 11806.6, 4024.3, 797.737, 0.348083,0.0638499,6.8026e-005,5854.74,382.917
85383.9,0.990054,0.199888,0.199888,71703.8,63.6806,0.435994,0.735, 9986.89, 2771.21, 798.455, 0.595914,0.0672395,4.63773e-005,8715.01,389.468
88537.5,0.967221,0.199888,0.199888,66076.9,250.539,0.43667,0.735, 10355.7, 2946.59, 815.347, 0.56032,0.0867141,5.20527e-005,8917.08,391.105
102164,0.785486,0.199888,0.199888,77228.6,671.838,0.460857,0.735, 11949.6, 4013.54, 820.2, 0.362776,0.0579097,3.10653e-005,14088,386.429
105838,0.920471,0.199888,0.199888,77312.4,2.09896e+006,0.46543,0.735, 12379.2, 3692.88, 943.606, 0.497602,0.0655457,3.44823e-005,11813.9,394.108
112501,0.888712,0.199888,0.199888,71727.1,822.861,0.438898,0.735, 13158.6, 4044.03, 980.259, 0.460852,0.0611756,3.8765e-005,9894.32,393.625
131438,0.786141,0.199888,0.199888,65437.5,2.81315,0.411866,0.735, 15373.6, 5160.81, 1055.82, 0.363321,0.0779886,5.10639e-005,9215.84,390.383
132260,0.962518,0.199888,0.199888,63402.7,83378.6,0.463345,0.735, 15469.7, 4423.7, 1214.11, 0.553443,0.116513,6.1211e-005,8985.09,392.768
121879,0.97409,0.199888,0.199888,67562.1,332.013,0.433206,0.735, 14255.5, 4026.34, 1127.61, 0.570627,0.095705,5.18317e-005,9840.38,388.143
114735,0.901779,0.199888,0.199888,77586.4,14680.7,0.463371,0.735, 13420, 4074.89, 1009.32, 0.475492,0.0652309,3.79593e-005,13802.7,388.208
133756,0.84721,0.199888,0.199888,72103.5,772975,0.432958,0.735, 15644.7, 4988.68, 1129.41, 0.418106,0.0743669,4.75565e-005,11768.8,384.207
120749,0.907767,0.199888,0.199888,66176.4,357.617,0.382735,0.735, 14123.3, 4264.46, 1066.82, 0.482417,0.0754865,5.13401e-005,10077.8,390.33
136920,0.85909,0.199888,0.199888,73686.6,17.3673,0.427791,0.735, 16014.8, 5054.09, 1166.79, 0.429814,0.0576809,3.693e-005,14151.2,388.566
168607,0.792545,0.199888,0.199888,67727.7,3.91389,0.388149,0.735, 19721, 6585.38, 1361.81, 0.368695,0.0637139,4.48201e-005,11613.3,392.59
200236,0.693056,0.199888,0.199888,76155.2,6.94831,0.398748,0.735, 23420.5, 8474.59, 1473.78, 0.292589,0.0539371,3.39005e-005,14744.3,407.523
130889,0.947595,0.199888,0.199888,66182.7,953265,0.370165,0.735, 15309.4, 4446.03, 1189.31, 0.532531,0.103031,4.75279e-005,13726,391.029
130057,0.911862,0.199888,0.199888,62045.3,228044,0.37928,0.735, 15212, 4575.44, 1152.44, 0.487237,0.0958906,5.0214e-005,12221.4,385.291
161428,0.747492,0.199888,0.199888,63327.1,12879.8,0.361033,0.735, 18881.4, 6540.7, 1252.89, 0.332409,0.06024,4.42485e-005,9805.11,382.41
159937,0.795843,0.199888,0.199888,68775.6,3.82928,0.368791,0.735, 18706.9, 6229.77, 1295.4, 0.371493,0.0668247,3.93847e-005,11428.5,387.676
130918,0.952185,0.199888,0.199888,75820.9,77951.7,0.388542,0.735, 15312.7, 4426.15, 1193.33, 0.538823,0.0817514,2.85458e-005,16468.8,393.149
139758,0.868012,0.199888,0.199888,84918.4,322549,0.462363,0.735, 16346.7, 5118.35, 1199.09, 0.438872,0.0725324,2.68047e-005,17229.7,391.356
132656,0.853592,0.199888,0.199888,80932.7,1.60677,0.422797,0.735, 15516, 4920.28, 1125.68, 0.424347,0.0680167,3.20626e-005,17906.6,388.607
128277,0.887868,0.199888,0.199888,74073.5,5.9455,0.440515,0.735, 15003.8, 4614.68, 1117.03, 0.459927,0.0902092,4.54919e-005,12346.6,383.019
111377,0.781063,0.199888,0.199888,73662.5,7263.66,0.492719,0.735, 13027.1, 4391.37, 890.754, 0.359113,0.07963,4.07557e-005,11688.9,381.273
101032,0.84937,0.199888,0.199888,78182.6,3.37507,0.446404,0.735, 11817.1, 3761.13, 854.531, 0.420206,0.0591048,3.38632e-005,14731.3,388.971
98793,0.828123,0.199888,0.199888,69777.9,275390,0.449766,0.735, 11555.3, 3745.48, 821.703, 0.400073,0.0554904,3.55688e-005,14654.7,396.64
77280.3,0.982804,0.199888,0.199888,64801.8,2.65324e+006,0.415509,0.735, 9039.04, 2528.7, 719.186, 0.584188,0.0802583,4.30645e-005,10621.7,393.024
120728,0.728418,0.199888,0.199888,65106.7,5945.44,0.39473,0.735, 14120.9, 4967.18, 920.364, 0.318011,0.0533102,3.34668e-005,14575.9,409.307
108719,0.852289,0.199888,0.199888,74854.6,34.1253,0.422085,0.735, 12716.2, 4037.03, 921.629, 0.423063,0.057983,2.49289e-005,15873.9,405.646
99392.2,0.813453,0.199888,0.199888,64061.3,12870.9,0.459757,0.735, 11625.4, 3815.12, 816.909, 0.386805,0.05282,3.3756e-005,13295.8,412.12
71063.6,0.927926,0.199888,0.199888,55208,187.323,0.461418,0.735, 8311.91, 2461.68, 636.921, 0.506842,0.0921851,4.69464e-005,9950.32,407.8
127251,0.743415,0.199888,0.199888,60184.8,1069.84,0.434785,0.735, 14883.8, 5172.87, 983.911, 0.329287,0.0748,4.23504e-005,10383.3,400.674
126098,0.80472,0.199888,0.199888,64524.3,9424.66,0.415211,0.735, 14749, 4875.65, 1028.95, 0.379132,0.0820632,4.08808e-005,11610,405.577
98417,0.944813,0.199888,0.199888,57000.1,102131,0.426727,0.735, 11511.3, 3352.46, 892.533, 0.528775,0.108408,5.42045e-005,10003.1,399.172
118018,0.854863,0.199888,0.199888,54626.9,131.027,0.404392,0.735, 13803.9, 4372.52, 1002.45, 0.425602,0.130816,6.32132e-005,10725.1,394.251
92151.5,0.934432,0.199888,0.199888,53331.5,12483.5,0.425405,0.735, 10778.5, 3171.81, 829.702, 0.515122,0.124133,5.62539e-005,10655.1,389.881
111468,0.844978,0.199888,0.199888,55197.1,138141,0.418321,0.735, 13037.8, 4165.44, 939.576, 0.415949,0.109371,5.34238e-005,10419.3,390.27
118626,0.883106,0.199888,0.199888,59635,1.80663e+006,0.4513,0.735, 13875.1, 4286.02, 1029.36, 0.454759,0.11698,4.6815e-005,13235.4,394.849
91750.9,0.863111,0.199888,0.199888,60964.7,1.37863e+006,0.419753,0.735, 10731.6, 3374.8, 784.276, 0.433866,0.0933661,4.00892e-005,12231.8,400.52
101067,0.834209,0.199888,0.199888,45677.8,6.38317,0.410052,0.735, 11821.2, 3811.88, 844.709, 0.405724,0.159381,9.27833e-005,5391.41,406.441
103038,0.883596,0.199888,0.199888,51321.8,2.95203,0.423821,0.735, 12051.8, 3721.15, 894.415, 0.455287,0.144782,8.45441e-005,6526.51,410.326
101609,0.841688,0.199888,0.199888,58421.8,259.958,0.393048,0.735, 11884.6, 3807.81, 854.269, 0.412794,0.107644,6.03913e-005,7372.01,406.278
103944,0.963068,0.199888,0.199888,69940.9,8.27025,0.399344,0.735, 12157.7, 3474.6, 954.53, 0.55424,0.106615,3.61261e-005,13146.8,403.425
147803,0.751809,0.199888,0.199888,59020.6,2.36727e+006,0.386141,0.735, 17287.7, 5967.83, 1151.7, 0.335741,0.102562,6.17713e-005,7976.81,405.963
137733,0.75568,0.199888,0.199888,55111.1,69.2848,0.477866,0.735, 16109.8, 5543.84, 1077.02, 0.338754,0.147965,8.04304e-005,6466.93,394.829
145715,0.653351,0.199888,0.199888,49471.4,3.87426,0.459277,0.735, 17043.5, 6365.98, 1027.44, 0.265724,0.140841,0.000117784,4610.6,389.655
139269,0.793735,0.199888,0.199888,50965.7,9.35223,0.409096,0.735, 16289.5, 5434.16, 1125.99, 0.369703,0.161368,0.000103596,6175.84,398.26
155951,0.75465,0.199888,0.199888,52202.6,691851,0.439852,0.735, 18240.8, 6282.39, 1218.35, 0.33795,0.128184,9.05585e-005,6338.95,397.862
151457,0.69294,0.199888,0.199888,56799.6,7.28161,0.434653,0.735, 17715.1, 6410.71, 1114.62, 0.292508,0.0813401,7.56111e-005,8136.88,393.1
143981,0.750424,0.199888,0.199888,53665.1,1.06053,0.437606,0.735, 16840.7, 5820, 1120.5, 0.334669,0.122963,8.5398e-005,7098.66,389.82
121339,0.929795,0.199888,0.199888,53379.1,3.00198,0.4448,0.735, 14192.3, 4195.56, 1088.95, 0.5092,0.180894,8.17207e-005,6712.36,388.778
127393,0.867192,0.199888,0.199888,59776.9,16068.3,0.468803,0.735, 14900.5, 4668.9, 1092.32, 0.43803,0.158007,5.72975e-005,9425.53,384.231
149562,0.766885,0.199888,0.199888,66031,110.055,0.468593,0.735, 17493.5, 5965.56, 1181.36, 0.347608,0.112014,4.92012e-005,11713.9,382.846
111402,0.83418,0.199888,0.199888,61674.2,17364,0.434699,0.735, 13030.1, 4201.78, 931.066, 0.405697,0.119239,6.14926e-005,10175.3,376.179
97735,0.955701,0.199888,0.199888,64914.1,1.09073,0.406229,0.735, 11431.5, 3292.32, 893.013, 0.543726,0.149594,6.23507e-005,11266.6,385.233
139893,0.905561,0.199888,0.199888,59808.3,40.2309,0.428979,0.735, 16362.5, 4950.82, 1233.99, 0.479849,0.132859,8.41606e-005,8726.1,382.388
154993,0.806776,0.199888,0.199888,61198.7,22.6457,0.437968,0.735, 18128.7, 5982.64, 1266.9, 0.380924,0.108581,7.68332e-005,8867.3,393.376
133241,0.840247,0.199888,0.199888,58821.9,75451.2,0.403746,0.735, 15584.4, 4999.42, 1118.94, 0.41142,0.109092,7.93489e-005,9188.81,383.772
128868,0.937413,0.199888,0.199888,55083.1,1.0955,0.388165,0.735, 15072.9, 4422.45, 1162.7, 0.518985,0.171244,7.80585e-005,10040,400.124
130585,0.763253,0.199888,0.199888,60430.2,4186.85,0.447153,0.735, 15273.8, 5223.98, 1028.12, 0.344716,0.118208,6.53299e-005,11207.1,397.198
128604,0.78847,0.199888,0.199888,57670.5,12.6598,0.440714,0.735, 15042.1, 5039.87, 1035.11, 0.365266,0.126207,7.37478e-005,9270.26,384.988
118874,0.851137,0.199888,0.199888,55479,151.668,0.493816,0.735, 13904.1, 4418.56, 1006.82, 0.421932,0.146851,8.99111e-005,8280.01,368.401
112484,0.769615,0.199888,0.199888,50031.7,3.00417e+006,0.47877,0.735, 13156.7, 4476.69, 890.642, 0.349796,0.15184,0.000110209,6269.82,372.202
131100,0.716245,0.199888,0.199888,49770.3,186907,0.43947,0.735, 15334.1, 5446.75, 987.711, 0.309083,0.145762,8.09816e-005,7879.22,389.397
109930,0.768554,0.199888,0.199888,46428.1,82.5328,0.471175,0.735, 12857.9, 4378.81, 869.601, 0.348945,0.1842,0.000102067,5534.65,393.668
107381,0.774056,0.199888,0.199888,52982.5,474.33,0.485323,0.735, 12559.8, 4258.15, 853.568, 0.353384,0.131639,7.29657e-005,7994.84,379.79
103720,0.82132,0.199888,0.199888,59177.7,67274.2,0.505959,0.735, 12131.6, 3954.99, 857.967, 0.39386,0.112838,4.38897e-005,13458.5,384.825
107823,0.728946,0.199888,0.199888,60428.7,810.202,0.503644,0.735, 12611.4, 4434.34, 822.398, 0.318402,0.0839857,4.51708e-005,11949.6,393.95
81104.2,0.866825,0.199888,0.199888,59417.7,864.939,0.447452,0.735, 9486.31, 2973.41, 695.229, 0.437653,0.0848041,4.96694e-005,10056.8,403.037
90818.9,0.914238,0.199888,0.199888,56269,20.7177,0.433278,0.735, 10622.6, 3187.83, 806.12, 0.490066,0.119906,6.00543e-005,11066.4,391.016
93863.5,0.916021,0.199888,0.199888,58959.8,87047.4,0.504749,0.735, 10978.7, 3289.1, 834.205, 0.492204,0.182976,6.25706e-005,12453.5,399.757
102527,0.897935,0.199888,0.199888,52973.5,320.495,0.558785,0.735, 11992, 3654.36, 899.409, 0.471119,0.225719,8.59422e-005,9458.95,409.122
126395,0.756962,0.199888,0.199888,51249,1981.62,0.557743,0.735, 14783.7, 5082.23, 989.517, 0.339757,0.190189,9.6825e-005,7716.03,405.81
124753,0.905439,0.199888,0.199888,54145.6,88.2775,0.48696,0.735, 14591.7, 4415.54, 1100.35, 0.479708,0.213668,8.62292e-005,7843.65,399.513
118035,0.905322,0.199888,0.199888,66841.6,1845.98,0.433559,0.735, 13805.9, 4178.21, 1041.01, 0.479572,0.146253,5.63259e-005,11254,394.109
119787,0.894502,0.199888,0.199888,65728.1,3.25546,0.382918,0.735, 14010.9, 4283.12, 1048.19, 0.467261,0.14853,6.11852e-005,10531.8,386.188
111047,0.886101,0.199888,0.199888,68874.4,46211.7,0.389332,0.735, 12988.5, 4001.28, 965.727, 0.458,0.104447,5.60776e-005,9760.08,379.638
126016,0.867556,0.199888,0.199888,60818.5,1.3883,0.385818,0.735, 14739.4, 4616.96, 1080.82, 0.438404,0.144525,7.21305e-005,8458.38,382.317
106109,0.822994,0.199888,0.199888,58133.9,681113,0.389653,0.735, 12411, 4040.38, 878.92, 0.395379,0.136158,8.04068e-005,7086.3,387.337
130747,0.688049,0.199888,0.199888,74726.1,104.62,0.454998,0.735, 15292.8, 5555.76, 957.335, 0.28911,0.075742,3.86583e-005,13171.9,395.598
131488,0.723215,0.199888,0.199888,70703.8,8471.02,0.426357,0.735, 15379.4, 5432.48, 997.384, 0.314171,0.0713275,4.14223e-005,12292.8,393.137
131502,0.84928,0.199888,0.199888,71131.6,9.36713,0.401945,0.735, 15381, 4895.82, 1112.17, 0.420118,0.0930918,4.59323e-005,11484.3,402.199
123517,0.960753,0.199888,0.199888,67793.1,290.595,0.396121,0.735, 14447, 4138.93, 1132.48, 0.550899,0.137862,4.85521e-005,12426.9,391.549
128805,0.857368,0.199888,0.199888,71025.6,1.20244,0.458735,0.735, 15065.7, 4761.73, 1096.19, 0.428092,0.102547,4.48771e-005,11476.8,395.381
145378,0.8082,0.199888,0.199888,68614.3,16261.8,0.414349,0.735, 17004, 5604.82, 1189.7, 0.38217,0.1028,5.06092e-005,10895,392.876
139420,0.786094,0.199888,0.199888,61994.1,12.2285,0.425468,0.735, 16307.2, 5474.43, 1119.89, 0.363281,0.104109,6.57652e-005,8587.43,398.162
108513,0.9486,0.199888,0.199888,67041.4,1.16354,0.401816,0.735, 12692.2, 3682.18, 986.671, 0.533899,0.101418,5.58436e-005,10611.8,392.951
120559,0.919047,0.199888,0.199888,70521.3,87.9499,0.391919,0.735, 14101.1, 4212.31, 1073.77, 0.495864,0.0851828,5.06541e-005,8428.14,394.174
100997,0.893982,0.199888,0.199888,68992.4,345.787,0.41619,0.735, 11813, 3612.97, 883.429, 0.466681,0.0747081,4.31334e-005,9616.29,395.256
86003.4,0.858996,0.199888,0.199888,57060.5,5.2146,0.434307,0.735, 10059.3, 3174.87, 732.84, 0.429719,0.0966754,6.78152e-005,6074.58,403.376
84312.7,0.954844,0.199888,0.199888,60762.7,20476.9,0.395158,0.735, 9861.59, 2842.69, 769.92, 0.542523,0.0836184,5.90966e-005,7041.17,396.121
99377.4,0.759822,0.199888,0.199888,66951.2,39751.9,0.441193,0.735, 11623.6, 3986.63, 780.013, 0.342003,0.0711389,4.53662e-005,7435.16,400.939
106660,0.856887,0.199888,0.199888,69318.9,2.04529,0.427277,0.735, 12475.4, 3944.7, 907.385, 0.427612,0.0912468,4.0735e-005,9334.74,386.013
91575.7,0.892574,0.199888,0.199888,62767.1,3069.42,0.424755,0.735, 10711.1, 3280.21, 800.198, 0.465113,0.13433,5.52823e-005,7803.81,386.312
79741.2,0.95438,0.199888,0.199888,54848.2,13225.1,0.467691,0.735, 9326.89, 2689.85, 727.943, 0.541875,0.168213,8.77632e-005,5312.38,380.586
88655.5,0.862361,0.199888,0.199888,60476.4,10259,0.504738,0.735, 10369.5, 3263.1, 757.385, 0.433107,0.167842,7.82091e-005,6445.08,374.222
90542.7,0.895608,0.199888,0.199888,57246.7,180.376,0.494062,0.735, 10590.3, 3234.15, 792.93, 0.468499,0.141972,7.94349e-005,5683.26,370.462
95697.3,0.914174,0.199888,0.199888,59423.1,159168,0.466385,0.735, 11193.2, 3359.27, 849.383, 0.48999,0.135375,8.08975e-005,5201.46,376.479
81633,0.978874,0.199888,0.199888,59389.1,161.872,0.509435,0.735, 9548.16, 2682.75, 757.695, 0.578002,0.163646,8.92967e-005,4877.27,387.062
140402,0.718253,0.199888,0.199888,62978.7,82.7541,0.486922,0.735, 16422.1, 5823.85, 1059.87, 0.310542,0.104036,8.50468e-005,5491.46,378.918
98580.4,0.93894,0.199888,0.199888,61145.7,100793,0.430794,0.735, 11530.4, 3377.92, 890.379, 0.520981,0.125022,7.05494e-005,7510.36,385.237
131251,0.841204,0.199888,0.199888,73292.7,749908,0.402542,0.735, 15351.7, 4920.7, 1103.06, 0.412332,0.0935853,4.42647e-005,10347.2,397.738
169109,0.721345,0.199888,0.199888,77274.9,113.418,0.384357,0.735, 19779.7, 6997.27, 1280.43, 0.312799,0.0642272,4.19238e-005,10462.8,383.905
198325,0.597128,0.199888,0.199888,79797.3,29.3665,0.422551,0.735, 23197, 9068.67, 1305.78, 0.230119,0.0549355,4.18207e-005,11631.9,381.715
199155,0.572597,0.199888,0.199888,83815.5,6.05676,0.406935,0.735, 23294, 9294.1, 1268.16, 0.21531,0.0631016,3.54137e-005,16947.2,386.707
210394,0.616291,0.199888,0.199888,72606.6,7044,0.460239,0.735, 24608.6, 9470.82, 1419.62, 0.241974,0.0853248,5.29261e-005,10240.1,376.846
181317,0.83315,0.199888,0.199888,73039,3164.67,0.468603,0.735, 21207.6, 6844.8, 1514.15, 0.404734,0.133657,5.61879e-005,11013.6,380.603
206089,0.688601,0.199888,0.199888,63369.6,1.37906,0.514822,0.735, 24105.1, 8753.35, 1509.86, 0.289492,0.134142,8.09886e-005,7427.42,384.461
173739,0.751672,0.199888,0.199888,64466.7,1155.72,0.507557,0.735, 20321.3, 7015.8, 1353.63, 0.335635,0.131094,6.81764e-005,8983.09,379.82
122116,0.893256,0.199888,0.199888,68915.7,7606.03,0.511385,0.735, 14283.2, 4371.4, 1067.6, 0.465872,0.162378,5.32217e-005,11415.6,378.592
125050,0.941614,0.199888,0.199888,67210.6,377.538,0.508831,0.735, 14626.4, 4273.45, 1131.55, 0.524507,0.232861,5.73549e-005,10619.9,381.639
143638,0.892528,0.199888,0.199888,70971.9,1130.17,0.467303,0.735, 16800.5, 5145.26, 1255.08, 0.465063,0.157174,5.70518e-005,11022.4,384.19
179417,0.764931,0.199888,0.199888,67659.1,2704.32,0.503671,0.735, 20985.4, 7167.73, 1414.71, 0.34605,0.163335,6.41848e-005,8469.53,397.245
200510,0.561905,0.199888,0.199888,65934.9,32.4289,0.458835,0.735, 23452.6, 9442.1, 1257.35, 0.208974,0.101164,5.99554e-005,9058.45,395.154
168388,0.698029,0.199888,0.199888,64456.9,1728.61,0.463733,0.735, 19695.4, 7098.42, 1245.71, 0.296073,0.156161,7.61141e-005,11462.8,389.003
144075,0.804909,0.199888,0.199888,66395,602.169,0.4875,0.735, 16851.6, 5569.85, 1175.83, 0.379296,0.138509,6.16864e-005,9925.52,387.489
133626,0.730116,0.199888,0.199888,74360.3,54.3363,0.47393,0.735, 15629.5, 5490.39, 1020.35, 0.319271,0.0803448,4.97677e-005,13066.5,384.208
128842,0.714458,0.199888,0.199888,70444.5,2.51723,0.452997,0.735, 15069.9, 5360.56, 968.987, 0.307789,0.0815522,5.06664e-005,11408,393.972
112863,0.714226,0.199888,0.199888,74174.7,2.17219,0.511557,0.735, 13201, 4696.63, 848.623, 0.307621,0.0840368,5.01705e-005,10656,399.996
200938,0.427427,0.199888,0.199888,75475.7,14.3808,0.478977,0.735, 23502.6, 10734, 978.954, 0.133618,0.0515648,5.32452e-005,7908.68,396.949
183082,0.531939,0.199888,0.199888,66557.1,321.014,0.487079,0.735, 21414, 8846.72, 1096.54, 0.191547,0.079251,5.57556e-005,8553.59,380.098
195656,0.474866,0.199888,0.199888,69943.2,292.38,0.47092,0.735, 22884.8, 9960.85, 1058.27, 0.159475,0.0625051,4.79331e-005,10149.3,384.478
171800,0.518377,0.199888,0.199888,65879.8,199511,0.49369,0.735, 20094.5, 8401.72, 1006.24, 0.183806,0.0753552,6.06876e-005,8818.23,384.062
167967,0.536256,0.199888,0.199888,70147.8,156026,0.469186,0.735, 19646.2, 8085.82, 1012.98, 0.194029,0.0761613,5.23282e-005,8863.05,386.482
211595,0.500932,0.199888,0.199888,63970.7,33327.1,0.415416,0.735, 24749, 10512.3, 1202.25, 0.173965,0.0705925,6.89161e-005,6073.53,389.372
186879,0.63192,0.199888,0.199888,53841.1,51.8577,0.431816,0.735, 21858.2, 8306.39, 1285.24, 0.25185,0.117673,0.000105423,4102.95,391.249
210935,0.56835,0.199888,0.199888,63782.6,269.746,0.453352,0.735, 24671.9, 9879.09, 1335.09, 0.212785,0.0804989,6.39275e-005,7375.08,386.692
189650,0.555089,0.199888,0.199888,66834.2,148.038,0.40733,0.735, 22182.3, 8982.57, 1177.34, 0.204968,0.0808758,5.25441e-005,8881.54,387.076
216196,0.564467,0.199888,0.199888,73984.5,357.52,0.365943,0.735, 25287.3, 10158.7, 1360.77, 0.210486,0.0863988,4.31423e-005,12132.2,405.262
164946,0.705773,0.199888,0.199888,77224.3,131.006,0.369431,0.735, 19292.8, 6910.48, 1229.85, 0.301555,0.100925,3.71926e-005,15243.7,399.281
151598,0.728643,0.199888,0.199888,72840.4,1.1309,0.415141,0.735, 17731.6, 6236.17, 1155.95, 0.318177,0.103694,4.06019e-005,15258.4,383.552
160686,0.706592,0.199888,0.199888,61315.7,248839,0.371698,0.735, 18794.5, 6727.61, 1199.07, 0.302138,0.124239,6.41796e-005,9641.78,382.999
185138,0.635167,0.199888,0.199888,61724.8,1.01242e+006,0.387358,0.735, 21654.5, 8207.43, 1278.19, 0.253926,0.105706,7.08302e-005,7749.5,380.038
186284,0.724395,0.199888,0.199888,64201.1,147410,0.37667,0.735, 21788.6, 7689.11, 1414.64, 0.315039,0.135028,7.99047e-005,7480.65,382.489
179622,0.718146,0.199888,0.199888,59126,1.33582e+006,0.412273,0.735, 21009.4, 7451.31, 1355.79, 0.310464,0.135489,9.21862e-005,6565.5,383.967
171350,0.785662,0.199888,0.199888,65520.3,1.22248e+006,0.391291,0.735, 20041.9, 6730.57, 1375.85, 0.362922,0.101288,6.91851e-005,7407.81,374.191
113494,0.893947,0.199888,0.199888,61211,683031,0.433846,0.735, 13274.8, 4060.19, 992.724, 0.466641,0.128885,7.32343e-005,7633.94,375.012
113813,0.854429,0.199888,0.199888,76117.4,2593.4,0.436903,0.735, 13312.1, 4218.32, 966.41, 0.425173,0.0851878,4.37728e-005,11592.5,372.115
107622,0.932876,0.199888,0.199888,62696.6,1312.01,0.488739,0.735, 12587.9, 3710, 967.936, 0.513122,0.199429,7.22469e-005,7612.44,377.472
105466,0.874867,0.199888,0.199888,61812.2,4.95285,0.480616,0.735, 12335.8, 3838.93, 909.556, 0.445996,0.161582,6.77191e-005,8055.41,377.075
115973,0.840311,0.199888,0.199888,56096,123.399,0.479582,0.735, 13564.7, 4351.25, 973.976, 0.411481,0.199834,8.08179e-005,7640.65,382.874
106037,0.850577,0.199888,0.199888,56638.2,10102.6,0.448986,0.735, 12402.6, 3943.34, 897.708, 0.421385,0.158576,7.24031e-005,7533.84,368.263
103694,0.908497,0.199888,0.199888,60426.5,606168,0.424571,0.735, 12128.6, 3659.64, 916.626, 0.483272,0.180871,6.85416e-005,7978.16,374.509
96024.1,0.924262,0.199888,0.199888,61734.4,1.44257e+006,0.432888,0.735, 11231.4, 3338.21, 858.414, 0.502269,0.198841,5.80735e-005,12060.3,378.232
138258,0.843614,0.199888,0.199888,73450.6,877544,0.432839,0.735, 16171.2, 5172.64, 1164.15, 0.414637,0.135437,4.28492e-005,12449.5,383.072
131900,0.872754,0.199888,0.199888,66337.7,3.06365e+006,0.39112,0.735, 15427.7, 4810.22, 1135.73, 0.443784,0.11904,4.51274e-005,10140.2,399.387
111454,0.932029,0.199888,0.199888,61605.2,551861,0.378369,0.735, 13036.1, 3845.3, 1001.81, 0.51204,0.156986,5.59704e-005,11108.3,393.01
114099,0.969111,0.199888,0.199888,71209.2,1.45842e+006,0.413236,0.735, 13345.5, 3789.63, 1052.09, 0.563123,0.128788,3.63505e-005,14263.4,403.222
105074,0.934212,0.199888,0.199888,68431.6,306.31,0.454583,0.735, 12289.9, 3617.38, 945.903, 0.514838,0.110653,4.27278e-005,11500.2,396.042
108441,0.884243,0.199888,0.199888,66069.9,66.2725,0.431046,0.735, 12683.8, 3914, 941.773, 0.455986,0.0973594,5.73919e-005,9791.27,401.999
91917.7,0.809247,0.199888,0.199888,63384.8,3.00972,0.418524,0.735, 10751.1, 3540.65, 752.865, 0.38309,0.0990886,5.94339e-005,9726.82,382.473
102221,0.78706,0.199888,0.199888,69811.4,4617.16,0.412428,0.735, 11956.3, 4010.6, 821.77, 0.364088,0.09895,5.17856e-005,10816,374.373
95955.5,0.853183,0.199888,0.199888,63714.7,1.43601,0.423351,0.735, 11223.4, 3560.32, 813.994, 0.423943,0.127613,6.45563e-005,7028.23,385.704
118240,0.675215,0.199888,0.199888,73280.8,1.28404,0.43697,0.735, 13829.9, 5076.04, 854.066, 0.280317,0.0863784,4.6607e-005,10912.6,391.906
135367,0.566871,0.199888,0.199888,82334,13661.4,0.484298,0.735, 15833.1, 6347.76, 854.973, 0.211909,0.0710225,4.05359e-005,12647.6,397.815
124858,0.726348,0.199888,0.199888,74232.4,551.796,0.461667,0.735, 14604, 5145.64, 949.963, 0.316479,0.0922023,4.62669e-005,11293.6,386.841
157335,0.594248,0.199888,0.199888,81343.5,12.1646,0.51148,0.735, 18402.5, 7211.42, 1031.97, 0.22836,0.0815864,3.82018e-005,14992.7,388.947
150603,0.741567,0.199888,0.199888,77565.5,3.97846,0.51918,0.735, 17615.1, 6131.25, 1162.47, 0.32788,0.151358,3.97302e-005,17112.1,383.78
125066,0.72258,0.199888,0.199888,66770.6,80.79,0.491211,0.735, 14628.3, 5169.78, 948.09, 0.313705,0.169014,6.01941e-005,9385.4,377.208
114738,0.741187,0.199888,0.199888,65748.9,20021.9,0.484985,0.735, 13420.3, 4672.59, 885.323, 0.327591,0.165847,6.3454e-005,8722.45,372.994
129712,0.672417,0.199888,0.199888,65490.2,26.3923,0.548782,0.735, 15171.7, 5581.03, 934.112, 0.278423,0.154619,7.41751e-005,9046.84,373.337
135574,0.630418,0.199888,0.199888,66635.1,119.819,0.513959,0.735, 15857.3, 6033.28, 930.716, 0.250892,0.127629,7.50822e-005,9006.45,384.071
124876,0.711715,0.199888,0.199888,68204.2,2910.22,0.401548,0.735, 14606.1, 5206.98, 936.621, 0.305809,0.125601,6.3979e-005,8941.67,382.8
142430,0.582116,0.199888,0.199888,64963,1.5261,0.427527,0.735, 16659.3, 6594.24, 919.053, 0.221011,0.111001,7.05449e-005,7248.2,383.585
126733,0.65513,0.199888,0.199888,52999.6,2393.92,0.415777,0.735, 14823.3, 5528.81, 895.397, 0.266894,0.167439,0.000132072,3906.34,376.357
149563,0.751419,0.199888,0.199888,63054.7,15.759,0.387127,0.735, 17493.6, 6040.8, 1165, 0.335439,0.168674,0.000102612,4954.43,379.752
93493.6,0.962673,0.199888,0.199888,73296.7,15.4231,0.386965,0.735, 10935.4, 3126.57, 858.333, 0.553668,0.180749,5.7428e-005,10142.3,370.865
95343.2,0.894694,0.199888,0.199888,65771.8,51633.3,0.362914,0.735, 11151.8, 3408.49, 834.412, 0.467476,0.175207,6.60561e-005,8888.62,384.046
125696,0.736563,0.199888,0.199888,57982,1.22367e+006,0.450116,0.735, 14702, 5137.89, 965.678, 0.324096,0.156157,9.40172e-005,6287.13,381.536
136064,0.725489,0.199888,0.199888,64479.9,4.97927,0.455011,0.735, 15914.6, 5611.29, 1034.36, 0.315845,0.132613,7.22793e-005,8993.36,386.155
137600,0.832911,0.199888,0.199888,68922.9,252611,0.424135,0.735, 16094.3, 5195.51, 1148.86, 0.404511,0.125408,5.5335e-005,12133,388.154
118490,0.87343,0.199888,0.199888,70574.8,15.7861,0.470248,0.735, 13859.2, 4318.57, 1020.78, 0.444491,0.131476,5.01112e-005,13997.9,386.107
126341,0.836731,0.199888,0.199888,67247.1,154535,0.400204,0.735, 14777.4, 4754.87, 1058.06, 0.408093,0.103965,5.64728e-005,11169.4,391.137
112923,0.815186,0.199888,0.199888,55244.2,2.16816,0.456021,0.735, 13208, 4328.21, 929.442, 0.388348,0.118536,9.17233e-005,6104.73,390.561
105399,0.97294,0.199888,0.199888,61238.6,83.7473,0.470947,0.735, 12327.9, 3486.26, 974.383, 0.568879,0.163072,7.56187e-005,7415.54,386.899
106595,0.802482,0.199888,0.199888,68883.3,1.53775e+006,0.467386,0.735, 12467.9, 4129.24, 868.191, 0.377191,0.0971812,4.83004e-005,10753.4,401.769
110274,0.862261,0.199888,0.199888,67280.8,20.5639,0.43629,0.735, 12898.1, 4059.16, 942, 0.433006,0.126028,5.6629e-005,10476,392.049
109591,0.838957,0.199888,0.199888,69422.3,17.9382,0.472374,0.735, 12818.3, 4116.62, 919.404, 0.410196,0.147002,5.09825e-005,14554.2,387.159
140393,0.612371,0.199888,0.199888,67594.3,321.2,0.42496,0.735, 16421, 6339.96, 942.652, 0.239527,0.0821753,4.91209e-005,12950.3,387.084
111531,0.628485,0.199888,0.199888,56142.9,26017.4,0.442991,0.735, 13045.2, 4971.11, 763.884, 0.249662,0.111585,7.07728e-005,9365.56,395.917
127978,0.514216,0.199888,0.199888,54680.5,3269,0.42432,0.735, 14968.9, 6281.99, 744.296, 0.181447,0.0974824,6.22589e-005,8647.46,393.915
117146,0.641666,0.199888,0.199888,51038.1,2027.26,0.428111,0.735, 13701.9, 5166.14, 814.984, 0.25811,0.130811,8.8979e-005,6835.98,395.73
100734,0.78382,0.199888,0.199888,63088.1,34.1547,0.509387,0.735, 11782.3, 3962.79, 807.562, 0.361392,0.121029,5.20953e-005,11501.6,375.041
111427,0.686731,0.199888,0.199888,65661.5,50821.4,0.549632,0.735, 13033, 4739.79, 814.749, 0.288199,0.0820151,5.63918e-005,9860.84,374.001
105517,0.825077,0.199888,0.199888,69795.1,233.069,0.473905,0.735, 12341.7, 4010.75, 875.483, 0.397278,0.0912514,5.32352e-005,10151.1,382.528
110829,0.795062,0.199888,0.199888,65252.7,20.1005,0.476088,0.735, 12963, 4319.73, 897.06, 0.370828,0.0980593,5.77875e-005,10614,390.546
141970,0.74286,0.199888,0.199888,68477.8,1062.32,0.462466,0.735, 16605.5, 5773.81, 1097.16, 0.328864,0.0759443,4.54446e-005,12456.6,398.007
215917,0.550048,0.199888,0.199888,77301.9,2.18156,0.408148,0.735, 25254.7, 10270.9, 1330.29, 0.202021,0.0491327,3.84467e-005,14130.1,412.29
170560,0.66116,0.199888,0.199888,67456,1.82112e+006,0.357693,0.735, 19949.4, 7404.91, 1213.2, 0.270883,0.078064,5.16954e-005,13406.9,402.645
151277,0.822268,0.199888,0.199888,59707.1,17.9349,0.371158,0.735, 17694.1, 5763.8, 1252.32, 0.394719,0.0980366,5.58478e-005,14982.4,399.012
93753.5,0.917844,0.199888,0.199888,61285.3,129.549,0.393614,0.735, 10965.8, 3279.51, 834.31, 0.494405,0.0984627,5.99499e-005,11365.7,392.328
111335,0.626933,0.199888,0.199888,60623.5,5.15145,0.416613,0.735, 13022.3, 4968.63, 761.115, 0.248677,0.0658411,5.88418e-005,9655.94,394.254
168991,0.479363,0.199888,0.199888,55170.5,1147.1,0.422466,0.735, 19765.9, 8566.39, 922.173, 0.161959,0.0716307,7.78241e-005,7235.86,392.598
148999,0.640039,0.199888,0.199888,50671.8,11915,0.384908,0.735, 17427.6, 6579.46, 1034.61, 0.257059,0.0866592,8.30201e-005,5663.96,396.193
96317.5,0.794021,0.199888,0.199888,47145.2,3.45813,0.424661,0.735, 11265.7, 3757.35, 778.917, 0.369945,0.11577,8.96363e-005,4867.78,392.232
97675.8,0.820452,0.199888,0.199888,53995.5,7.90127,0.434312,0.735, 11424.6, 3727.24, 807.4, 0.393075,0.127352,7.81411e-005,4834.82,404.569
102241,0.765373,0.199888,0.199888,47478.9,1.53981,0.41805,0.735, 11958.6, 4083.08, 806.491, 0.346401,0.171821,0.000110756,4557.27,411.274
77110.7,0.827095,0.199888,0.199888,46015.5,788117,0.391974,0.735, 9019.21, 2926, 640.833, 0.399127,0.182757,0.000113773,4546.88,405.092
95329.2,0.781024,0.199888,0.199888,42381.1,563918,0.422657,0.735, 11150.1, 3758.76, 762.386, 0.359081,0.175664,0.000151345,3766.8,407.686
122442,0.613436,0.199888,0.199888,45258,43469.1,0.44208,0.735, 14321.3, 5524.52, 823.226, 0.240191,0.136184,0.00014325,3767.22,396.436
114812,0.641646,0.199888,0.199888,47811,1.2052,0.466561,0.735, 13429, 5063.3, 798.729, 0.258096,0.131666,0.000122249,3634.78,387.683
122564,0.651044,0.199888,0.199888,50234.9,9.96164,0.501345,0.735, 14335.7, 5364.49, 861.941, 0.264211,0.136461,0.000105741,4221.97,396.562
121458,0.606807,0.199888,0.199888,50252.3,416.393,0.451071,0.735, 14206.2, 5509.87, 809.779, 0.236073,0.118076,8.62705e-005,4614.64,403.594
113630,0.621698,0.199888,0.199888,53906.5,84445.6,0.424319,0.735, 13290.7, 5092.59, 771.857, 0.245368,0.137279,8.23271e-005,5513.91,401.68
165820,0.646587,0.199888,0.199888,51480.5,188.819,0.435594,0.735, 19395.1, 7283.79, 1160.21, 0.261301,0.165909,0.000111986,4061.87,391.98
123115,0.707984,0.199888,0.199888,55229.3,1148.89,0.453536,0.735, 14400, 5148.85, 919.986, 0.303132,0.123529,7.78492e-005,6470.97,386.268
98889.9,0.671624,0.199888,0.199888,60686.2,1.06855e+006,0.450098,0.735, 11566.6, 4257.55, 711.535, 0.277888,0.103118,6.05502e-005,7028.29,392.907
106597,0.710645,0.199888,0.199888,62312.2,1.61754e+006,0.474772,0.735, 12468.1, 4448.61, 798.676, 0.30504,0.118063,5.88364e-005,8682.64,385.568
98285.3,0.866791,0.199888,0.199888,61261.2,104270,0.491312,0.735, 11495.9, 3603.4, 842.484, 0.437618,0.155393,5.55843e-005,10727.1,386.757
170186,0.632157,0.199888,0.199888,54292.4,1.99939e+006,0.482535,0.735, 19905.7, 7562.97, 1170.77, 0.252001,0.162261,8.27723e-005,7586.69,389.323
179255,0.600915,0.199888,0.199888,57344.1,19.4367,0.505983,0.735, 20966.5, 8171.19, 1186.08, 0.23244,0.125877,7.07256e-005,8364.55,387.145
156388,0.694113,0.199888,0.199888,56244,10376.3,0.465042,0.735, 18291.9, 6613.23, 1152.3, 0.293327,0.155623,7.05495e-005,7861.56,389.888
144421,0.695843,0.199888,0.199888,50048.9,44.0001,0.439823,0.735, 16892.1, 6098.75, 1066.02, 0.294538,0.188029,7.96054e-005,7359.76,395.573
144784,0.724439,0.199888,0.199888,46793.1,257.654,0.454122,0.735, 16934.6, 5975.96, 1099.54, 0.315071,0.260189,0.000100063,6231.55,400.456
93916.5,0.871178,0.199888,0.199888,54748,9113.46,0.472779,0.735, 10984.9, 3429.82, 807.709, 0.442144,0.27958,7.62629e-005,8391.91,398.395
108878,0.720991,0.199888,0.199888,54891,16.5112,0.435238,0.735, 12734.9, 4506.36, 824.101, 0.31254,0.19277,6.46331e-005,9234.81,395.724
106886,0.692687,0.199888,0.199888,52747.3,892.084,0.433717,0.735, 12501.9, 4525.08, 786.403, 0.292332,0.162654,6.61079e-005,8987.03,392.437
140605,0.630617,0.199888,0.199888,56321.4,460365,0.41715,0.735, 16445.8, 6256.18, 965.485, 0.251018,0.149599,6.38452e-005,9691.57,403.084
168872,0.649104,0.199888,0.199888,59511.5,1.08809,0.390444,0.735, 19752, 7402.84, 1184.98, 0.262942,0.144716,5.82438e-005,11933.6,395.482
136260,0.768622,0.199888,0.199888,57626.4,163.3,0.430151,0.735, 15937.6, 5427.3, 1077.95, 0.348999,0.178379,6.10923e-005,10114.4,388.953
143176,0.72404,0.199888,0.199888,54002,1.54426,0.426341,0.735, 16746.5, 5911.48, 1086.91, 0.314777,0.166434,8.16181e-005,6849.06,384.132
125581,0.680406,0.199888,0.199888,50022.1,1.94439e+006,0.442372,0.735, 14688.5, 5368.89, 912.137, 0.283853,0.153894,9.98231e-005,5183.75,391.444
138611,0.606064,0.199888,0.199888,52619.8,41.0441,0.422744,0.735, 16212.6, 6291.84, 923.263, 0.235614,0.136024,9.21422e-005,4801.39,390.132
133306,0.60536,0.199888,0.199888,51306,294.89,0.43735,0.735, 15592.1, 6054.52, 887.126, 0.235179,0.15164,9.84296e-005,4693.52,401.432
84017.5,0.854632,0.199888,0.199888,47287.9,72337.6,0.487758,0.735, 9827.06, 3113.43, 713.521, 0.425374,0.212653,0.000104426,4070.41,395.409
93430.7,0.794298,0.199888,0.199888,59123.4,12672.9,0.435485,0.735, 10928.1, 3643.9, 755.748, 0.37018,0.126859,6.24242e-005,8345.73,392.198
100854,0.77883,0.199888,0.199888,57597.6,4.06899,0.439327,0.735, 11796.4, 3983.76, 805.036, 0.357278,0.151962,7.0045e-005,9407.68,391.509
124412,0.739272,0.199888,0.199888,61360.4,377.188,0.370548,0.735, 14551.8, 5074.34, 958.247, 0.32614,0.133296,7.58316e-005,7438.49,386.078
93402.1,0.794451,0.199888,0.199888,59939.8,131895,0.444565,0.735, 10924.7, 3642.33, 755.615, 0.37031,0.148694,6.96667e-005,9505.22,401.367
107224,0.708113,0.199888,0.199888,63174.1,292933,0.452377,0.735, 12541.4, 4483.83, 801.348, 0.303225,0.0876492,5.30656e-005,10055.6,393.501
99866.7,0.703973,0.199888,0.199888,63161.1,16.1293,0.400216,0.735, 11680.9, 4189.98, 743.267, 0.300274,0.110851,5.40794e-005,9108.53,384.082
93932.1,0.868503,0.199888,0.199888,52336.9,11.7305,0.435968,0.735, 10986.7, 3438.57, 806.214, 0.439377,0.205373,7.78175e-005,6816.73,383.007
91999.2,0.874567,0.199888,0.199888,67228.3,118.187,0.451797,0.735, 10760.6, 3349.65, 793.239, 0.445682,0.140587,4.84351e-005,10640,374.5
87905.4,0.799404,0.199888,0.199888,56869.6,165.737,0.418141,0.735, 10281.8, 3413.96, 714.123, 0.374538,0.133861,6.48175e-005,6992.2,377.596
71370.8,0.847347,0.199888,0.199888,54680,1.92247e+006,0.447154,0.735, 8347.85, 2661.6, 602.707, 0.418238,0.152669,6.9072e-005,6220.81,385.061
89730.3,0.875941,0.199888,0.199888,68669.1,37.0218,0.429482,0.735, 10495.3, 3263.01, 774.472, 0.447126,0.115378,4.11894e-005,9925.93,379.835
99845.1,0.837042,0.199888,0.199888,69490.1,16.6023,0.454312,0.735, 11678.3, 3756.68, 836.372, 0.408386,0.100971,3.94094e-005,8932.59,385.935
100846,0.826244,0.199888,0.199888,70197.7,510001,0.532868,0.735, 11795.4, 3829.42, 837.516, 0.398346,0.131096,4.40467e-005,9646.73,385.003
97341.5,0.860299,0.199888,0.199888,68366.7,396.681,0.47115,0.735, 11385.5, 3589.31, 830.281, 0.431027,0.103555,4.23845e-005,9295.39,389.435
89586.2,0.965138,0.199888,0.199888,65187.8,586439,0.477811,0.735, 10478.4, 2988.1, 823.84, 0.557256,0.118214,5.22873e-005,8593.01,401.867
121562,0.895465,0.199888,0.199888,63452.8,72662,0.442683,0.735, 14218.5, 4342.74, 1064.47, 0.468339,0.140809,7.35016e-005,6776.7,397.702
112559,0.898701,0.199888,0.199888,58115.7,39.9663,0.436091,0.735, 13165.4, 4009.05, 987.959, 0.471986,0.146533,8.45694e-005,6041.68,403.969
119395,0.874937,0.199888,0.199888,61748.4,201.493,0.457239,0.735, 13965, 4345.68, 1029.74, 0.44607,0.111471,7.38454e-005,6575.8,400.62
123106,0.782886,0.199888,0.199888,60718.2,772210,0.43245,0.735, 14399.1, 4846.6, 986.119, 0.360618,0.108695,6.70471e-005,8008.02,396.804
108140,0.761705,0.199888,0.199888,60312.9,2.98902,0.446371,0.735, 12648.6, 4331.55, 850.233, 0.34349,0.0698234,5.54087e-005,9963.05,397.933
106168,0.720287,0.199888,0.199888,54456.1,26.6307,0.454269,0.735, 12417.8, 4396.65, 803.034, 0.312026,0.0712205,6.89911e-005,8127.29,394.699
131745,0.720161,0.199888,0.199888,60273.9,31.0798,0.374856,0.735, 15409.4, 5456.39, 996.372, 0.311934,0.0732244,6.40277e-005,10214.8,407.959
115165,0.753553,0.199888,0.199888,75248.9,272527,0.42003,0.735, 13470.2, 4643.45, 898.809, 0.337096,0.0563372,3.47287e-005,15935.2,391.7
109368,0.860645,0.199888,0.199888,67187.1,168021,0.435805,0.735, 12792.2, 4031.54, 933.107, 0.431375,0.0842126,4.46849e-005,11963.3,384.411
109729,0.856193,0.199888,0.199888,65556.7,48010.6,0.395882,0.735, 12834.4, 4060.69, 933.001, 0.426923,0.0841662,3.95973e-005,12781.2,393.895
100216,0.85948,0.199888,0.199888,66164.3,6.15424,0.408037,0.735, 11721.8, 3697.98, 854.266, 0.430204,0.0833203,3.945e-005,10411.6,384.995
97944.8,0.628813,0.199888,0.199888,63466.5,209.76,0.516505,0.735, 11456.1, 4364.39, 671.096, 0.24987,0.0632798,4.37262e-005,7624.23,388.427
87301.2,0.738008,0.199888,0.199888,71417.9,14861.5,0.522609,0.735, 10211.1, 3564.35, 671.616, 0.325184,0.0691143,3.24803e-005,11999.5,391.483
102250,0.739019,0.199888,0.199888,71347.7,1.18577,0.525414,0.735, 11959.6, 4171.27, 787.363, 0.325949,0.0535361,4.11227e-005,8044.71,399.152
111641,0.737502,0.199888,0.199888,70465,2.38226e+006,0.503789,0.735, 13058.1, 4559.97, 858.46, 0.324803,0.0504375,4.99649e-005,7427.47,388.904
112415,0.881816,0.199888,0.199888,77152.8,2.95798,0.425357,0.735, 13148.6, 4066.36, 974.529, 0.453372,0.0691442,4.24711e-005,10066.4,393.135
100376,0.833436,0.199888,0.199888,70186.4,121711,0.41217,0.735, 11740.5, 3788.33, 838.421, 0.405001,0.0818306,3.73177e-005,13226.8,381.999
108118,0.700024,0.199888,0.199888,75378.7,23746.7,0.469429,0.735, 12646, 4550.51, 801.471, 0.297478,0.0669467,3.73514e-005,14604,380.647
104171,0.862959,0.199888,0.199888,75695.9,1.69633,0.393993,0.735, 12184.4, 3832.17, 890.343, 0.433712,0.110497,4.37006e-005,13523,381.385
127546,0.768053,0.199888,0.199888,72963.2,1.18791e+006,0.423652,0.735, 14918.3, 5082.55, 1008.5, 0.348543,0.107846,4.62879e-005,13622.2,381.046
190307,0.545734,0.199888,0.199888,65971.8,23.8365,0.432203,0.735, 22259.1, 9086.28, 1164.81, 0.199511,0.0918738,6.53916e-005,9455.63,382.06
170393,0.582837,0.199888,0.199888,61139.2,28.0981,0.385018,0.735, 19929.9, 7884.1, 1100.57, 0.221445,0.0941742,6.94475e-005,7943.99,376.511
143166,0.542939,0.199888,0.199888,63729.2,2.94878,0.407867,0.735, 16745.3, 6852.02, 872.501, 0.19789,0.0608219,5.43771e-005,7597.3,384.076
105525,0.707217,0.199888,0.199888,63297.2,811033,0.501291,0.735, 12342.6, 4415.91, 787.939, 0.302585,0.0810658,5.83683e-005,7674.38,390.861
114522,0.71083,0.199888,0.199888,70538.7,5.24145,0.495249,0.735, 13395, 4778.61, 858.207, 0.305173,0.0853709,4.34095e-005,8983.07,399.049
112967,0.719491,0.199888,0.199888,75534.9,574.465,0.439144,0.735, 13213.1, 4681.2, 853.8, 0.311445,0.0690486,3.33004e-005,10524.9,394.995
112516,0.80884,0.199888,0.199888,69193.1,8920.6,0.496264,0.735, 13160.4, 4335.57, 921.267, 0.382732,0.0984696,4.09488e-005,9502.67,388.073
91611.1,0.881177,0.199888,0.199888,61329.6,19774.8,0.4508,0.735, 10715.2, 3315.74, 793.801, 0.452687,0.138919,5.78353e-005,8138.95,391.619
118318,0.747125,0.199888,0.199888,63231.9,1.24645e+006,0.433098,0.735, 13838.9, 4795.37, 917.987, 0.332127,0.105133,4.94189e-005,8337.9,391.539
115190,0.803719,0.199888,0.199888,72495.8,452986,0.465679,0.735, 13473.1, 4457.59, 939.159, 0.378262,0.0915791,4.45672e-005,8988.36,390.922
97509.4,0.837206,0.199888,0.199888,68131.2,27743.3,0.480997,0.735, 11405.1, 3668.28, 816.913, 0.408541,0.094931,4.52101e-005,8600.61,388.91
96303.7,0.777244,0.199888,0.199888,63329.2,584166,0.464909,0.735, 11264.1, 3808.95, 767.652, 0.35598,0.0914268,5.44051e-005,7938.64,382.824
108222,0.808642,0.199888,0.199888,68716.4,12.0712,0.501122,0.735, 12658.1, 4170.81, 885.965, 0.382558,0.0818632,4.30996e-005,10800.8,389.028
151001,0.769573,0.199888,0.199888,74364.2,223.007,0.475814,0.735, 17661.7, 6009.78, 1195.57, 0.349763,0.0835034,3.86683e-005,15073,382.308
176936,0.75806,0.199888,0.199888,66363.5,31048.4,0.476573,0.735, 20695.2, 7108.1, 1386.56, 0.340617,0.116635,5.54728e-005,9687.27,390.422
161182,0.795763,0.199888,0.199888,60727.7,73606,0.433939,0.735, 18852.6, 6278.68, 1305.4, 0.371425,0.132657,6.49491e-005,8801.62,387.815
138235,0.784805,0.199888,0.199888,60996.2,614926,0.472508,0.735, 16168.6, 5433.65, 1109.14, 0.362209,0.149754,6.0021e-005,8235.58,381.501
127409,0.858607,0.199888,0.199888,64121.7,27857.8,0.402503,0.735, 14902.4, 4705, 1085.34, 0.42933,0.15705,5.68556e-005,9893.2,383.936
116566,0.848788,0.199888,0.199888,61964.9,108.393,0.394745,0.735, 13634, 4341.6, 985.468, 0.419638,0.185206,6.13425e-005,9721.47,387.821
109330,0.794426,0.199888,0.199888,64174.4,1.02154e+006,0.402077,0.735, 12787.7, 4263.53, 884.449, 0.370289,0.113834,5.94816e-005,8673.57,383.658
104219,0.765313,0.199888,0.199888,66584.8,51.9445,0.418485,0.735, 12189.9, 4162.28, 822.051, 0.346354,0.110139,5.29959e-005,9298.32,383.229
94455,0.89189,0.199888,0.199888,71431.5,688619,0.432846,0.735, 11047.9, 3385.47, 824.943, 0.464354,0.106834,4.30233e-005,11917.3,379.672
114698,0.773013,0.199888,0.199888,64223.6,6.85409,0.488013,0.735, 13415.6, 4552.16, 910.893, 0.352538,0.101722,5.47883e-005,9979.89,383.454
127884,0.895671,0.199888,0.199888,57064.1,575771,0.427128,0.735, 14957.9, 4567.71, 1120, 0.46857,0.19282,7.89368e-005,8476.02,370.579
133947,0.790328,0.199888,0.199888,46805.9,272.135,0.409642,0.735, 15667, 5241.22, 1079.83, 0.366826,0.200765,0.00011346,4817.71,382.638
133125,0.759866,0.199888,0.199888,51630.9,294038,0.405573,0.735, 15570.9, 5340.26, 1044.94, 0.342038,0.13033,9.67052e-005,5631.74,381.145
102354,0.933008,0.199888,0.199888,51739.7,16760.1,0.396115,0.735, 11971.8, 3527.94, 920.645, 0.513292,0.189084,8.34662e-005,7128.24,373.638
110518,0.862176,0.199888,0.199888,58851,24704,0.454641,0.735, 12926.7, 4068.46, 944.025, 0.43292,0.159438,6.99694e-005,8788.37,385.714
107216,0.913933,0.199888,0.199888,51802.5,60161.7,0.467612,0.735, 12540.5, 3764.49, 951.457, 0.489701,0.285994,9.99007e-005,6329.68,378.711
95634.1,0.890494,0.199888,0.199888,51956.5,67995.1,0.500511,0.735, 11185.8, 3432.12, 834.386, 0.462811,0.256456,9.44955e-005,7987.74,386.109
97539.3,0.875707,0.199888,0.199888,49178.2,2909.5,0.454461,0.735, 11408.6, 3547.73, 841.724, 0.446879,0.235248,0.000112813,6131.01,388.462
98823.8,0.894618,0.199888,0.199888,42121.7,1.27657,0.48825,0.735, 11558.9, 3533.17, 864.825, 0.46739,0.220956,0.000135438,5164.93,393.571
80020.1,0.966079,0.199888,0.199888,54131.2,39.97,0.506262,0.735, 9359.51, 2666.36, 736.34, 0.558637,0.173571,7.20971e-005,10105.8,390.135
90119.8,0.853849,0.199888,0.199888,55590,383.704,0.493049,0.735, 10540.8, 3341.85, 764.883, 0.4246,0.158628,6.52282e-005,12230.8,380.053
85329.5,0.88249,0.199888,0.199888,51428.1,10403.1,0.427739,0.735, 9980.52, 3084.71, 740.093, 0.454096,0.136481,7.50947e-005,9312.8,400.399
90832.4,0.870532,0.199888,0.199888,51322.8,313193,0.45174,0.735, 10624.2, 3319.1, 780.805, 0.441474,0.127846,6.03691e-005,11468.3,402.903
96239.1,0.747858,0.199888,0.199888,45224.8,281.054,0.395196,0.735, 11256.6, 3898.24, 747.193, 0.33269,0.115049,8.66884e-005,8833.95,404.082
77251.3,0.742847,0.199888,0.199888,44416.9,10508.4,0.390251,0.735, 9035.66, 3141.78, 596.996, 0.328854,0.0882144,9.32748e-005,6085.58,404.833
74525.6,0.683242,0.199888,0.199888,52421.1,95.6817,0.406292,0.735, 8716.84, 3178.94, 542.932, 0.285796,0.0709633,6.53677e-005,8712.01,410.816
84180.3,0.736692,0.199888,0.199888,49786.7,23316.4,0.414195,0.735, 9846.1, 3440.56, 646.806, 0.324193,0.0822583,7.15153e-005,9625.47,420.54
93334.1,0.669757,0.199888,0.199888,47606.1,15915.2,0.407692,0.735, 10916.8, 4024.35, 670.199, 0.27663,0.0954504,8.31504e-005,8400.99,416.357
80217.1,0.798571,0.199888,0.199888,45777.1,1.74924e+006,0.40559,0.735, 9382.55, 3117.52, 651.209, 0.373824,0.136848,9.03082e-005,7337.15,409.911
101616,0.723861,0.199888,0.199888,52870.3,113.797,0.446597,0.735, 11885.4, 4196.12, 771.273, 0.314646,0.101283,6.35329e-005,8928.1,393.846
102359,0.635616,0.199888,0.199888,49423.7,13.6725,0.396544,0.735, 11972.4, 4536.11, 707.068, 0.254214,0.0818766,6.64196e-005,6998.88,401.41
117270,0.609713,0.199888,0.199888,50915.2,3.84376,0.39643,0.735, 13716.4, 5307.26, 784.757, 0.237874,0.0852986,6.80314e-005,7156.41,401.981
92426.3,0.604152,0.199888,0.199888,45724.4,83.5288,0.418214,0.735, 10810.6, 4201.99, 614.125, 0.234433,0.08747,0.000103125,4179.8,412.221
111600,0.576966,0.199888,0.199888,44392.4,1.59964e+006,0.403973,0.735, 13053.2, 5189.09, 715.003, 0.21792,0.0946492,0.000131843,3611.09,410.193
89368,0.619388,0.199888,0.199888,43624.2,8226.94,0.425952,0.735, 10452.9, 4012.76, 605.328, 0.243915,0.106376,0.000121073,3321.91,401.785
100328,0.569919,0.199888,0.199888,48521.9,11324.2,0.475906,0.735, 11734.8, 4692.62, 636.437, 0.213717,0.0928377,7.69525e-005,6697.27,404.561
87977.2,0.612556,0.199888,0.199888,49809.2,1.26084e+006,0.427429,0.735, 10290.2, 3972.34, 590.851, 0.239642,0.0829527,5.86567e-005,10455.2,396.032
83155.5,0.591193,0.199888,0.199888,51716,25839.3,0.364674,0.735, 9726.24, 3821.06, 543.21, 0.2265,0.0636359,5.32497e-005,10161,407.178
78440.6,0.689225,0.199888,0.199888,51674.7,164.746,0.346908,0.735, 9174.76, 3330, 575.049, 0.289925,0.0561398,5.10504e-005,8002.74,405.381
85914.7,0.576834,0.199888,0.199888,49548.4,2.44375,0.351684,0.735, 10049, 3995.25, 550.342, 0.217841,0.0714032,5.38808e-005,8976.24,402.431
120366,0.568837,0.199888,0.199888,57358.2,68.3613,0.378911,0.735, 14078.6, 5635, 762.374, 0.213074,0.0537753,4.72264e-005,11040.3,402.292
119567,0.69249,0.199888,0.199888,56957.7,1673.89,0.401524,0.735, 13985.1, 5062.7, 879.518, 0.292194,0.0736798,5.16314e-005,11212.6,400.062
104943,0.812618,0.199888,0.199888,62279.1,2826.7,0.446318,0.735, 12274.6, 4031.01, 861.941, 0.386065,0.0902303,4.37414e-005,12878.1,394.321
134723,0.550171,0.199888,0.199888,63445.8,3.26354,0.401576,0.735, 15757.8, 6407.92, 830.199, 0.202093,0.0583132,4.65103e-005,10295.3,391.35
100943,0.688892,0.199888,0.199888,49725.3,574815,0.417274,0.735, 11806.8, 4286.45, 739.761, 0.289694,0.120178,8.22872e-005,7714.08,388.932
94327.2,0.68745,0.199888,0.199888,53420.5,39297.8,0.417473,0.735, 11032.9, 4010.11, 690.234, 0.288696,0.100191,6.98313e-005,8346.66,390.258
114344,0.616733,0.199888,0.199888,55105.9,237.427,0.389122,0.735, 13374.1, 5145.3, 771.954, 0.242251,0.11491,6.66565e-005,9214.23,403.246
96214.8,0.816722,0.199888,0.199888,51790.6,31510.3,0.397171,0.735, 11253.7, 3683.04, 792.913, 0.38972,0.132354,7.58153e-005,9227.14,409.512
109677,0.67258,0.199888,0.199888,54693.9,70.9573,0.421306,0.735, 12828.3, 4718.36, 789.966, 0.278533,0.113184,7.96247e-005,7919.4,392.27
94173.4,0.741328,0.199888,0.199888,55018,314826,0.492125,0.735, 11014.9, 3834.67, 726.741, 0.327699,0.130696,6.10247e-005,11790.5,396.007
78123,0.972974,0.199888,0.199888,49627.1,2.105e+006,0.433786,0.735, 9137.61, 2583.97, 722.242, 0.568929,0.204939,8.90919e-005,7585.06,391.877
96782.7,0.84507,0.199888,0.199888,53379.5,5.71143,0.451695,0.735, 11320.1, 3616.39, 815.852, 0.416037,0.194197,7.82779e-005,7802.51,398.771
91549.9,0.920717,0.199888,0.199888,59809.8,89138.4,0.442615,0.735, 10708.1, 3193.6, 816.364, 0.497902,0.180151,6.83473e-005,10957.9,406.305
103736,0.791556,0.199888,0.199888,57934.5,3579.34,0.440239,0.735, 12133.4, 4054.98, 837.155, 0.36786,0.143128,6.79303e-005,11112.1,405.349
109501,0.802097,0.199888,0.199888,57504.1,3.02068e+006,0.447784,0.735, 12807.7, 4243.16, 891.569, 0.376859,0.158768,7.4359e-005,8392.09,393.712
92975,0.93574,0.199888,0.199888,53699.5,16652.2,0.433124,0.735, 10874.8, 3196.01, 837.881, 0.516811,0.179372,9.66701e-005,5645.1,401.135
85241.9,0.948451,0.199888,0.199888,59699.9,1787.81,0.45135,0.735, 9970.28, 2892.96, 774.994, 0.533695,0.144629,7.11372e-005,8695.34,401.764
85966.4,0.870297,0.199888,0.199888,58866.4,3.61568,0.452967,0.735, 10055, 3141.96, 738.845, 0.44123,0.150712,8.03111e-005,6191.42,405.979
89437.6,0.878187,0.199888,0.199888,55838,32223.3,0.439898,0.735, 10461, 3245.81, 773.243, 0.449501,0.15034,7.51562e-005,7018.27,389.2
87568.7,0.898799,0.199888,0.199888,44968,259606,0.38694,0.735, 10242.4, 3118.69, 768.671, 0.472097,0.188736,0.000134659,3996.08,386.905
77108.9,0.792367,0.199888,0.199888,43179.1,287.329,0.470524,0.735, 9019, 3012.13, 622.702, 0.368545,0.178395,0.000124215,3781.27,386.559
86551.6,0.974803,0.199888,0.199888,50848.5,212.447,0.467284,0.735, 10123.5, 2857.08, 801.152, 0.571715,0.2402,9.26414e-005,6237.76,383.426
98878.1,0.989397,0.199888,0.199888,61832,1.15196,0.444131,0.735, 11565.2, 3211.57, 924.239, 0.594834,0.187533,5.96429e-005,9530.99,389.8
110697,0.925964,0.199888,0.199888,70240,516769,0.442362,0.735, 12947.7, 3841.96, 990.775, 0.504385,0.145291,4.92283e-005,11367.9,379.436
113472,0.870785,0.199888,0.199888,62571.7,11074.7,0.452684,0.735, 13272.2, 4145.43, 975.601, 0.441737,0.137959,5.5851e-005,10774.7,387.125
139066,0.758045,0.199888,0.199888,60794.8,1058.05,0.464529,0.735, 16265.8, 5586.82, 1089.78, 0.340606,0.130639,7.12759e-005,10402.8,393.171
124547,0.908374,0.199888,0.199888,61575.3,6835.51,0.473728,0.735, 14567.6, 4396.1, 1100.86, 0.483127,0.142998,6.2476e-005,15266.4,397.211
115920,0.825806,0.199888,0.199888,65656.3,1.66792,0.502243,0.735, 13558.5, 4403.45, 962.363, 0.397945,0.126885,6.28473e-005,12104.9,399.05
111070,0.787214,0.199888,0.199888,61246.7,512018,0.484027,0.735, 12991.2, 4357.22, 893.023, 0.364216,0.15275,5.93675e-005,10450.5,401.195
105125,0.852849,0.199888,0.199888,65874.1,1.31324,0.505407,0.735, 12295.9, 3901.69, 891.553, 0.423614,0.19601,6.05013e-005,10796.2,398.644
90429.6,0.733893,0.199888,0.199888,59663.8,134.164,0.492276,0.735, 10577, 3704.29, 692.989, 0.322091,0.165834,6.95489e-005,7540.64,389.329
120791,0.698859,0.199888,0.199888,60544.5,1369.72,0.449187,0.735, 14128.3, 5088.62, 894.353, 0.296657,0.181552,8.87142e-005,5613.62,387.743
98128.5,0.683205,0.199888,0.199888,61714.1,475.329,0.498474,0.735, 11477.5, 4185.87, 714.856, 0.285771,0.137996,7.28442e-005,8081.94,391.847
97389,0.755753,0.199888,0.199888,56410,1000.7,0.508522,0.735, 11391, 3919.75, 761.599, 0.338811,0.13029,8.06498e-005,7859.12,386.605
101982,0.68737,0.199888,0.199888,50516.5,2.49808e+006,0.525371,0.735, 11928.3, 4335.82, 746.187, 0.28864,0.139309,0.000112471,5181.83,379.829
111859,0.778001,0.199888,0.199888,57652,508398,0.468084,0.735, 13083.5, 4421.44, 892.232, 0.356599,0.131178,8.41892e-005,6906.38,383.828
102715,0.768004,0.199888,0.199888,58636.3,2846.83,0.450314,0.735, 12014, 4093.25, 812.13, 0.348504,0.107637,7.44461e-005,7580.47,389.847
88478.2,0.761644,0.199888,0.199888,62195.5,29669.6,0.471325,0.735, 10348.8, 3544.16, 695.604, 0.343442,0.112289,6.13463e-005,8960.81,387.282
81004.5,0.911018,0.199888,0.199888,62561.8,1.49048,0.470157,0.735, 9474.65, 2852.05, 717.352, 0.486239,0.145702,5.23551e-005,11612.8,393.979
87873.9,0.805987,0.199888,0.199888,58667.2,1.51161,0.437082,0.735, 10278.1, 3394.11, 717.802, 0.380235,0.114983,6.03947e-005,9430.34,399.089
87699.1,0.809643,0.199888,0.199888,60200.2,1.14176,0.420684,0.735, 10257.7, 3377.04, 718.546, 0.383438,0.114399,6.25247e-005,7979.98,398.509
95603.1,0.648618,0.199888,0.199888,51429.9,3.43755,0.383712,0.735, 11182.2, 4192.59, 670.475, 0.262625,0.11226,0.000103915,3891.53,391.208
85087.4,0.717679,0.199888,0.199888,59155.6,791.012,0.420079,0.735, 9952.2, 3531.02, 641.95, 0.310125,0.106916,7.38833e-005,5709.82,399.04
82816.7,0.802099,0.199888,0.199888,54192.8,914.129,0.457715,0.735, 9686.62, 3209.14, 674.305, 0.37686,0.11672,7.34995e-005,5676.09,398.459
80504.8,0.896451,0.199888,0.199888,54290,342249,0.400483,0.735, 9416.2, 2873.36, 705.456, 0.469446,0.142452,5.74039e-005,8339.66,394.964
82931.1,0.917547,0.199888,0.199888,48986.5,4.14145,0.434028,0.735, 9699.99, 2901.77, 737.846, 0.494044,0.199408,8.27694e-005,5560.06,395.56
88357.1,0.884412,0.199888,0.199888,55293,448332,0.481726,0.735, 10334.6, 3188.6, 767.445, 0.456169,0.215579,6.84832e-005,7632.42,395.549
79748.3,0.975272,0.199888,0.199888,65402.6,16.7357,0.519855,0.735, 9327.71, 2631.16, 738.411, 0.572433,0.19984,5.18365e-005,9245.55,388.298
83978.4,0.892445,0.199888,0.199888,58315.2,155.186,0.473072,0.735, 9822.48, 3008.43, 733.742, 0.46497,0.180548,6.69541e-005,7268.75,387.119
109709,0.777401,0.199888,0.199888,68837.7,64.758,0.49545,0.735, 12832.1, 4338.6, 874.629, 0.356108,0.13901,5.08019e-005,9475.4,401.69
87960,0.738393,0.199888,0.199888,53275,24653,0.428238,0.735, 10288.2, 3590.13, 676.93, 0.325475,0.176407,0.000110668,4373.39,401.618
107731,0.658739,0.199888,0.199888,56667,22.4297,0.412294,0.735, 12600.7, 4686.25, 764.232, 0.269277,0.11547,8.12607e-005,5232.49,406.535
131002,0.663006,0.199888,0.199888,64283.3,80.5956,0.400519,0.735, 15322.5, 5679.07, 933.732, 0.272111,0.103865,5.75009e-005,7650.09,411.117
125587,0.711679,0.199888,0.199888,69291.8,8.69531,0.373343,0.735, 14689.2, 5236.78, 941.921, 0.305783,0.0805957,4.66974e-005,10175,405.57
113506,0.807959,0.199888,0.199888,68331.7,5.08125,0.404048,0.735, 13276.2, 4376.95, 928.698, 0.381959,0.0784252,4.07944e-005,13097.4,401.868
148349,0.754677,0.199888,0.199888,72615.8,1.67529e+006,0.450407,0.735, 17351.5, 5976, 1158.98, 0.337971,0.0706278,4.22495e-005,12891,409.339
144053,0.733306,0.199888,0.199888,78511.7,294544,0.427123,0.735, 16849, 5903.65, 1103.3, 0.321651,0.0745441,3.66786e-005,18915.1,406.422
121643,0.914377,0.199888,0.199888,72603.3,10.314,0.444402,0.735, 14227.9, 4269.22, 1079.83, 0.490232,0.108011,4.41314e-005,16069.2,390.064
184747,0.751956,0.199888,0.199888,82034.2,2.24872,0.414125,0.735, 21608.8, 7458.62, 1439.77, 0.335855,0.0714948,3.89073e-005,16283.3,398.298
165176,0.774758,0.199888,0.199888,79697.4,15.4943,0.432967,0.735, 19319.7, 6546.21, 1313.78, 0.353954,0.0969184,3.78414e-005,15888.9,395.446
138080,0.772742,0.199888,0.199888,63698.4,9519.86,0.45742,0.735, 16150.5, 5481.37, 1096.32, 0.352319,0.0989247,6.24567e-005,9283.48,389.103
135077,0.811277,0.199888,0.199888,63390.2,288.532,0.460224,0.735, 15799.2, 5194.34, 1108.22, 0.384878,0.109152,5.9515e-005,9363.2,387.268
175096,0.565134,0.199888,0.199888,72213,4.47216,0.475726,0.735, 20480, 8222.81, 1103.14, 0.21088,0.0575526,4.62557e-005,8849.78,381.36
135786,0.73425,0.199888,0.199888,70412.2,10611.2,0.512349,0.735, 15882.2, 5560.67, 1040.92, 0.322358,0.0916804,5.3266e-005,10133.5,375.434
123865,0.815246,0.199888,0.199888,74557.3,475.418,0.514726,0.735, 14487.8, 4747.34, 1019.55, 0.388402,0.10229,5.62395e-005,10289.1,381.538
142227,0.883408,0.199888,0.199888,86494.3,150.223,0.557237,0.735, 16635.5, 5137.32, 1234.42, 0.455084,0.125917,3.83264e-005,15034.1,386.924
140373,0.799353,0.199888,0.199888,83366.4,8385.27,0.559313,0.735, 16418.6, 5451.84, 1140.31, 0.374494,0.106815,3.44883e-005,15346.4,383.074
140122,0.867929,0.199888,0.199888,81666.7,46.0684,0.438086,0.735, 16389.3, 5132.06, 1202.14, 0.438787,0.11187,3.94108e-005,11436.1,374.798
156464,0.843561,0.199888,0.199888,82368.2,128.872,0.526768,0.735, 18300.8, 5854.08, 1317.4, 0.414586,0.115745,3.83326e-005,13055.3,377.305
121534,0.918436,0.199888,0.199888,76237.7,1.70152e+006,0.44304,0.735, 14215.1, 4248.86, 1081.98, 0.495122,0.133643,4.14395e-005,11346.3,376.514
94365.4,0.916816,0.199888,0.199888,72927,1.69958e+006,0.489575,0.735, 11037.4, 3304.18, 839.141, 0.493161,0.122443,4.76988e-005,11357.9,373.285
117274,0.759441,0.199888,0.199888,74854,150.481,0.563448,0.735, 13716.9, 4706.01, 920.166, 0.341703,0.0903297,4.47823e-005,12297.8,364.018
110971,0.812133,0.199888,0.199888,69190.3,21.0499,0.518743,0.735, 12979.6, 4264.27, 911.084, 0.385635,0.115228,5.16822e-005,9380.93,372.41
104335,0.895546,0.199888,0.199888,61195.9,1.00922,0.490202,0.735, 12203.5, 3727.01, 913.672, 0.468429,0.177788,6.76197e-005,7631.13,373.271
99298,0.928922,0.199888,0.199888,63782.3,540407,0.513382,0.735, 11614.3, 3436.38, 890.601, 0.508097,0.166669,5.99743e-005,9015.31,378.494
107544,0.881361,0.199888,0.199888,68846.5,347.09,0.472612,0.735, 12578.9, 3891.77, 931.988, 0.452884,0.134157,5.78622e-005,8497.23,372.615
122690,0.912453,0.199888,0.199888,60087.3,425.329,0.442303,0.735, 14350.3, 4313.84, 1087.62, 0.487939,0.198235,7.96422e-005,6326.33,375.624
116660,0.850187,0.199888,0.199888,54390.3,4.25573,0.459483,0.735, 13645.1, 4339.85, 987.342, 0.421003,0.146639,9.33349e-005,4968.92,374.562
118775,0.893958,0.199888,0.199888,55768.8,162.914,0.471488,0.735, 13892.5, 4249.07, 1038.92, 0.466653,0.145994,7.64828e-005,6211.8,369.378
119488,0.880933,0.199888,0.199888,53005.4,2.47186,0.436472,0.735, 13975.9, 4325.67, 1035.17, 0.452426,0.161825,9.27305e-005,6720.87,375.753
116843,0.890371,0.199888,0.199888,60136.5,42746.4,0.478283,0.735, 13666.5, 4193.75, 1019.34, 0.462676,0.163901,6.04587e-005,9274.71,372.462
116779,0.985095,0.199888,0.199888,62470.6,176.073,0.438961,0.735, 13659, 3811.4, 1088.44, 0.587849,0.230076,6.08352e-005,10409.4,377.923
121768,0.882465,0.199888,0.199888,61396.7,24.9688,0.47032,0.735, 14242.5, 4402.09, 1056.12, 0.454069,0.202714,6.81569e-005,8846.67,373.769
132715,0.890425,0.199888,0.199888,63343.9,454741,0.46937,0.735, 15523, 4763.19, 1157.85, 0.462736,0.208523,5.86166e-005,10802.6,371.511
142325,0.811607,0.199888,0.199888,62915.8,6241.9,0.466716,0.735, 16646.9, 5471.51, 1168, 0.38517,0.175724,6.49614e-005,8380.72,385.363
122254,0.842966,0.199888,0.199888,57964.8,1.48247e+006,0.514052,0.735, 14299.4, 4576.45, 1028.87, 0.414016,0.192109,6.73332e-005,8514.27,381.224
111736,0.864546,0.199888,0.199888,55617.2,2.48793,0.429966,0.735, 13069.1, 4104.68, 956.149, 0.435325,0.183628,7.84086e-005,6971.64,386.142
123286,0.894208,0.199888,0.199888,60733.5,76.2883,0.372629,0.735, 14420, 4409.4, 1078.57, 0.466933,0.182886,6.98329e-005,7600.21,385.325
108764,0.896558,0.199888,0.199888,63292.3,2037.26,0.432637,0.735, 12721.5, 3881.6, 953.165, 0.469566,0.202337,6.22367e-005,9873.28,385.689
129525,0.846694,0.199888,0.199888,65792.4,6.38224,0.446723,0.735, 15149.9, 4833.06, 1093.25, 0.417606,0.173818,6.52764e-005,9637.97,392.702
107099,0.8581,0.199888,0.199888,68940,54.9925,0.461141,0.735, 12526.8, 3956.74, 911.971, 0.428823,0.124735,7.16959e-005,11329.3,400.24
109432,0.891254,0.199888,0.199888,63171.2,38.9261,0.469571,0.735, 12799.6, 3924.55, 955.3, 0.463651,0.130013,8.65357e-005,8447.07,390.511
114059,0.854293,0.199888,0.199888,52323.2,95329.7,0.401422,0.735, 13340.8, 4227.93, 968.396, 0.425039,0.107057,0.000123649,5373.24,389.029
103372,0.894452,0.199888,0.199888,48068.2,1671.49,0.336063,0.735, 12090.9, 3696.36, 904.521, 0.467205,0.115277,0.000128651,4890.45,394.367
91264.4,0.922542,0.199888,0.199888,59980.3,27.9442,0.407744,0.735, 10674.7, 3178.04, 814.872, 0.500142,0.0828131,6.21319e-005,10043.5,384.758
112817,0.802185,0.199888,0.199888,61053.4,57139.9,0.398085,0.735, 13195.5, 4371.32, 918.633, 0.376934,0.0863157,5.56159e-005,9938.16,394.602
116156,0.9043,0.199888,0.199888,65123.7,555.602,0.340738,0.735, 13586.1, 4115.63, 1023.68, 0.47839,0.0938141,4.81499e-005,10102.5,394.048
126669,0.837021,0.199888,0.199888,57138.9,15.4671,0.362114,0.735, 14815.7, 4766, 1061.05, 0.408365,0.0914114,7.07676e-005,7175.86,388.024
107333,0.954078,0.199888,0.199888,54234.7,10.8217,0.393437,0.735, 12554.2, 3621.73, 979.625, 0.541453,0.121364,7.91287e-005,7302.79,388.195
111083,0.945669,0.199888,0.199888,57041.3,6223.14,0.424028,0.735, 12992.8, 3780.65, 1008, 0.529926,0.116375,7.63042e-005,8245.14,388.589
116672,0.891793,0.199888,0.199888,57597.5,28097.9,0.435614,0.735, 13646.5, 4182.14, 1018.91, 0.464247,0.12514,7.65344e-005,8052.67,383.801
119601,0.856576,0.199888,0.199888,57128.1,29717.5,0.432231,0.735, 13989, 4424.51, 1017.23, 0.427303,0.119253,6.77199e-005,8707.01,384.743
104504,0.873402,0.199888,0.199888,59920,1054.07,0.361715,0.735, 12223.3, 3808.92, 900.271, 0.444461,0.0829366,5.70795e-005,9577.22,392.973
82591.4,0.917912,0.199888,0.199888,57238.7,8.28161,0.404946,0.735, 9660.26, 2888.88, 735.014, 0.494487,0.0899669,5.60064e-005,8562.68,394.435
99750.7,0.947059,0.199888,0.199888,66860.1,15263.1,0.374943,0.735, 11667.3, 3390.16, 906.033, 0.531803,0.0761914,4.00958e-005,14525.8,413.677
131688,0.870605,0.199888,0.199888,64656.5,32222.8,0.426637,0.735, 15402.8, 4811.68, 1132.06, 0.44155,0.075197,5.15221e-005,9591.68,411.785
122071,0.881297,0.199888,0.199888,71888.1,57081.3,0.427913,0.735, 14277.9, 4417.7, 1057.82, 0.452816,0.0530602,4.09566e-005,12361.9,405.403
98704.8,0.922832,0.199888,0.199888,64363.6,3.29907,0.497303,0.735, 11545, 3436.16, 881.486, 0.500501,0.064675,4.21485e-005,11513.9,406.476
98100.1,0.869318,0.199888,0.199888,61417.9,18.978,0.469672,0.735, 11474.2, 3588.55, 842.506, 0.440218,0.0698006,5.02641e-005,9071.8,408.808
75694.6,0.973291,0.199888,0.199888,61100.7,6082.13,0.466394,0.735, 8853.58, 2502.79, 699.942, 0.569411,0.0904354,4.97361e-005,9265.06,394.122
103290,0.887739,0.199888,0.199888,73398.7,6592.31,0.426592,0.735, 12081.2, 3716.22, 899.355, 0.459786,0.0842804,3.77868e-005,11456.4,387.268
102624,0.836115,0.199888,0.199888,67209.4,3.86587,0.468815,0.735, 12003.3, 3864.29, 859.017, 0.407512,0.0715433,4.05053e-005,10928.5,394.916
113219,0.811529,0.199888,0.199888,64287.2,40.3753,0.471071,0.735, 13242.6, 4352.87, 929.084, 0.385102,0.0672505,3.95268e-005,11250.8,397.055
136347,0.694922,0.199888,0.199888,71102.9,442.133,0.431128,0.735, 15947.7, 5762, 1005.47, 0.293893,0.0550658,3.00057e-005,13833,385.701
134352,0.707079,0.199888,0.199888,66857.1,19.1002,0.463123,0.735, 15714.4, 5622.86, 1003.05, 0.302486,0.0643714,3.80381e-005,10979.6,384.117
187971,0.675749,0.199888,0.199888,69566.7,452788,0.435185,0.735, 21985.9, 8066.17, 1358.52, 0.28068,0.0622454,3.63802e-005,11322.7,381.437
162714,0.547316,0.199888,0.199888,65521.9,33.6383,0.413603,0.735, 19031.7, 7758.27, 998.341, 0.200431,0.0518165,4.09903e-005,10700.3,396.952
160349,0.500944,0.199888,0.199888,59809.1,47285.8,0.457327,0.735, 18755.1, 7966.23, 911.103, 0.173972,0.0631119,4.8049e-005,10428.2,401.478
129586,0.60459,0.199888,0.199888,66017.4,18228.8,0.449178,0.735, 15156.9, 5889.27, 861.516, 0.234704,0.0542869,3.85591e-005,10534.1,400.295
130567,0.66004,0.199888,0.199888,66359.1,816.654,0.408437,0.735, 15271.6, 5673.67, 927.572, 0.270139,0.0717949,4.24771e-005,11394.8,404.376
143927,0.671816,0.199888,0.199888,59316.4,3454.58,0.395376,0.735, 16834.3, 6195.6, 1035.8, 0.278017,0.0772806,5.49844e-005,9116.72,408.76
148887,0.755196,0.199888,0.199888,61365.9,9112.54,0.390984,0.735, 17414.5, 5995.15, 1163.73, 0.338376,0.0941625,5.56386e-005,8594.76,414.189
115879,0.822197,0.199888,0.199888,58499.8,59779.9,0.420877,0.735, 13553.7, 4415.35, 959.223, 0.394654,0.0977449,6.62048e-005,6700.79,405.648
128774,0.899571,0.199888,0.199888,56608.8,14.7953,0.408044,0.735, 15062, 4582.91, 1131, 0.472973,0.174737,8.01078e-005,6916.47,395.904
118623,0.868465,0.199888,0.199888,51613.1,2.70482e+006,0.408321,0.735, 13874.7, 4342.6, 1018.11, 0.439338,0.135601,8.49882e-005,5750.91,394.372
130343,0.864552,0.199888,0.199888,53925.1,1.95687e+006,0.417289,0.735, 15245.5, 4788.21, 1115.38, 0.435331,0.118653,8.52898e-005,6325.4,392.336
101031,0.979655,0.199888,0.199888,53563.4,837475,0.472029,0.735, 11817.1, 3317.39, 938.235, 0.579223,0.148629,7.074e-005,8576.77,375.329
89299.1,0.951463,0.199888,0.199888,50755.1,139057,0.424551,0.735, 10444.8, 3021.33, 813.565, 0.537825,0.136389,7.69706e-005,6624.82,384.502
93762,0.908126,0.199888,0.199888,54913.9,8097.43,0.308642,0.735, 10966.8, 3310.26, 828.605, 0.482837,0.109168,6.38302e-005,8237.47,383.87
100114,0.865711,0.199888,0.199888,59498.8,840397,0.359364,0.735, 11709.8, 3673.97, 857.458, 0.436513,0.0726351,4.96179e-005,9880.63,384.255
124907,0.773,0.199888,0.199888,64529.7,203588,0.372076,0.735, 14609.6, 4957.38, 991.955, 0.352528,0.0689773,5.38069e-005,9839.14,389.95
96474.4,0.82398,0.199888,0.199888,65217.1,254.227,0.388311,0.735, 11284.1, 3670.44, 799.749, 0.396277,0.0731866,4.73995e-005,11213.1,395.439
95020.3,0.796999,0.199888,0.199888,55847,57483.5,0.443723,0.735, 11114, 3697.63, 770.363, 0.372479,0.120021,7.40074e-005,6401.73,398.849
102513,0.693195,0.199888,0.199888,63312.6,208255,0.464103,0.735, 11990.4, 4338.17, 754.621, 0.292686,0.0839338,6.35086e-005,7038.39,420.084
107679,0.590387,0.199888,0.199888,61366.8,251046,0.43943,0.735, 12594.6, 4951.21, 702.648, 0.22601,0.0768472,7.24025e-005,6186.82,422.233
103838,0.745751,0.199888,0.199888,67257.2,377.659,0.468972,0.735, 12145.3, 4213.18, 804.622, 0.331072,0.0738095,5.48915e-005,7963.17,421.05
76845.2,0.87293,0.199888,0.199888,57033.4,1812.01,0.47493,0.735, 8988.16, 2801.99, 661.763, 0.443969,0.108531,6.92448e-005,7319.71,419.576
92864,0.918508,0.199888,0.199888,54293.1,669.518,0.452523,0.735, 10861.8, 3246.33, 826.785, 0.49521,0.162197,8.53872e-005,6404.01,406.174
130918,0.728854,0.199888,0.199888,55583.6,75527,0.502045,0.735, 15312.7, 5384.55, 998.463, 0.318334,0.122411,8.90028e-005,6757.46,415.043
115557,0.782974,0.199888,0.199888,54646,720352,0.484993,0.735, 13516.1, 4549.07, 925.72, 0.360692,0.108018,8.29313e-005,6702.57,404.249
98682.2,0.959628,0.199888,0.199888,56315.4,3444.98,0.527081,0.735, 11542.3, 3310.65, 904.09, 0.549288,0.147244,7.17666e-005,7819.33,409.562
108340,0.796813,0.199888,0.199888,54699.7,2702.23,0.523638,0.735, 12671.9, 4216.59, 878.208, 0.37232,0.142399,9.21578e-005,6004.26,401.744
112289,0.865232,0.199888,0.199888,54298.5,1031.16,0.433502,0.735, 13133.8, 4122.5, 961.383, 0.436024,0.149975,7.06619e-005,6939.26,418.44
113959,0.872962,0.199888,0.199888,55158.5,16034.9,0.427048,0.735, 13329.1, 4155.14, 981.393, 0.444001,0.145416,7.58397e-005,6658.57,409.238
111980,0.929458,0.199888,0.199888,56386.1,19062.6,0.421605,0.735, 13097.7, 3873.24, 1004.72, 0.508774,0.227481,7.16813e-005,8718.97,404.838
108233,0.961625,0.199888,0.199888,64223.8,3496.88,0.390628,0.735, 12659.4, 3623.47, 992.941, 0.552154,0.172344,5.12934e-005,12061.6,408.305
105657,0.901193,0.199888,0.199888,58534.9,2438.19,0.43849,0.735, 12358.1, 3754.52, 929.061, 0.474822,0.186555,6.9823e-005,9070.51,400.652
155781,0.775513,0.199888,0.199888,62949.4,1360.56,0.415928,0.735, 18220.8, 6170.08, 1239.88, 0.354568,0.144061,5.52932e-005,11778.3,412.366
144846,0.820762,0.199888,0.199888,53525.8,1.06178e+006,0.461761,0.735, 16941.8, 5525.78, 1197.61, 0.393355,0.236572,8.1401e-005,9517.72,401.991
108465,0.942067,0.199888,0.199888,58931,1903.08,0.456445,0.735, 12686.5, 3704.97, 981.785, 0.525108,0.232371,6.52394e-005,10973.7,396.392
119712,0.847996,0.199888,0.199888,56540.8,2.1172,0.464791,0.735, 14002.1, 4461.87, 1011.45, 0.418868,0.173838,6.64494e-005,11009.9,402.843
170740,0.572526,0.199888,0.199888,63670.8,134.25,0.557782,0.735, 19970.5, 7968.53, 1087.11, 0.215268,0.0929909,5.51848e-005,10262.7,397.758
145445,0.662505,0.199888,0.199888,70088.7,7.98799,0.534813,0.735, 17011.9, 6307.75, 1036.11, 0.271777,0.105526,4.25814e-005,12094,390.574
167778,0.625952,0.199888,0.199888,80718,261292,0.532662,0.735, 19624.1, 7493.5, 1145.61, 0.248055,0.0821398,3.22553e-005,14621.3,404.09
122583,0.865725,0.199888,0.199888,79833.6,966.108,0.516878,0.735, 14337.9, 4498.47, 1049.91, 0.436527,0.118695,3.41917e-005,15886.7,398.857
